id;content;created_by;created_date;last_modified_by;last_modified_date
1;../fake-data/blob/hipster.txt;actually hedgehog for;2024-06-24T11:36:38;well-groomed soulful;2024-06-24T04:58:38
2;../fake-data/blob/hipster.txt;delightful accident diagnosis;2024-06-24T06:06:55;overrule for;2024-06-23T17:53:56
3;../fake-data/blob/hipster.txt;excluding;2024-06-23T23:46:17;ketchup optimistically phew;2024-06-24T04:48:09
4;../fake-data/blob/hipster.txt;anxiously ah;2024-06-24T04:18:11;mutton carelessly elastic;2024-06-24T07:42:47
5;../fake-data/blob/hipster.txt;bah;2024-06-23T16:39:47;before versus;2024-06-23T21:52:51
6;../fake-data/blob/hipster.txt;whoever;2024-06-23T21:55:13;moment burdensome knavishly;2024-06-24T08:03:59
7;../fake-data/blob/hipster.txt;objection boldly cheerful;2024-06-24T02:18:26;positively;2024-06-23T17:57:33
8;../fake-data/blob/hipster.txt;bony;2024-06-24T14:09:11;carefully till;2024-06-24T12:37:25
9;../fake-data/blob/hipster.txt;since joyously;2024-06-23T23:48:22;trading pish microchip;2024-06-24T01:16:57
10;../fake-data/blob/hipster.txt;supposing;2024-06-24T12:43:43;woot lined excluding;2024-06-24T00:42:52
