id;file_name;file_content;description;active;created_by;created_date;last_modified_by;last_modified_date
1;weepy loosely;../fake-data/blob/hipster.txt;profile accent;true;enlightened behind excepting;2024-06-24T00:07:09;wraparound versus um;2024-06-23T22:42:51
2;back;../fake-data/blob/hipster.txt;brr against tender;true;phooey certify;2024-06-23T15:18:45;till cheery hence;2024-06-23T22:54:13
3;over;../fake-data/blob/hipster.txt;gladly obligation;false;bulky gadzooks salty;2024-06-24T10:07:40;notice moderate officially;2024-06-24T11:53:38
4;whose beneath;../fake-data/blob/hipster.txt;apostrophize;true;forenenst supervisor;2024-06-23T16:56:30;oddball perp;2024-06-23T15:12:30
5;now;../fake-data/blob/hipster.txt;repair;false;dam throughout to;2024-06-24T07:53:49;webbed;2024-06-24T00:40:53
6;anenst gabble;../fake-data/blob/hipster.txt;unwilling competent;false;phooey terrorize parallel;2024-06-23T20:27:23;hasty hoist;2024-06-23T22:46:45
7;disco;../fake-data/blob/hipster.txt;killing whether likely;false;folk except warrant;2024-06-23T22:28:18;yahoo molasses yuck;2024-06-23T23:52:08
8;snaffle endear within;../fake-data/blob/hipster.txt;after;false;well-off;2024-06-24T10:30:38;with;2024-06-23T16:36:06
9;plus;../fake-data/blob/hipster.txt;try remix;false;crisp after;2024-06-23T16:25:51;emerge shoes clipper;2024-06-23T23:50:47
10;which as but;../fake-data/blob/hipster.txt;as unless;false;cushion core;2024-06-24T05:41:35;inasmuch bend ax;2024-06-24T14:24:34
