id;name;description;created_by;created_date;last_modified_by;last_modified_date
1;and meanwhile drain;posh petition incidentally;shutdown atop tranquilize;2024-06-24T03:30:05;nervously;2024-06-23T22:33:26
2;opposite although;redistrict;digital;2024-06-24T08:32:03;fumbling adored neatly;2024-06-23T18:26:29
3;till than;accouter aromatic full;clothes;2024-06-24T05:07:53;repayment elude;2024-06-23T19:46:04
4;astride;sleepy despite;though ugh;2024-06-24T11:58:51;optimistically hungrily tip;2024-06-23T20:43:50
5;tenderly boo;neatly ack;officially because novel;2024-06-23T19:40:28;drat;2024-06-24T12:25:06
6;since nautical;importance;oh yippee er;2024-06-23T17:23:47;where couple;2024-06-23T17:14:23
7;boo odd among;frightfully solemnly;during boohoo ruling;2024-06-24T09:20:24;evenly who;2024-06-23T18:42:07
8;as kindheartedly;settle broadly;lest;2024-06-23T14:58:35;drat officially;2024-06-23T23:59:30
9;new yearningly why;small;wetland how salon;2024-06-24T05:49:35;upwardly now;2024-06-23T15:05:17
10;beneficiary gah;marvel;via;2024-06-24T06:10:21;inasmuch astride cylinder;2024-06-24T12:27:24
