id;name;active;created_by;created_date;last_modified_by;last_modified_date
1;plus via;false;rotten lasting advertisement;2024-06-24T06:57:16;spiteful ew;2024-06-23T20:35:17
2;incarnate given psst;true;like gosh;2024-06-24T11:58:11;to blah;2024-06-24T07:07:33
3;incomplete vacantly down;true;snappy aha;2024-06-23T22:05:07;sans;2024-06-24T05:49:25
4;too chillax zowie;true;consume after um;2024-06-24T00:31:24;retract motion;2024-06-23T21:05:42
5;inflate;true;exit;2024-06-24T05:06:02;correctly towards suddenly;2024-06-24T11:45:15
6;cornerstone ajar;false;though essential peaceful;2024-06-24T03:48:06;pushy whoa clamp;2024-06-24T03:24:56
7;speedily fervently;false;and;2024-06-23T16:30:24;through taste magnitude;2024-06-23T21:51:13
8;a;true;in around;2024-06-24T00:45:06;minus;2024-06-24T11:59:33
9;never nickname apartment;true;superior;2024-06-24T02:49:41;blah fooey;2024-06-23T20:20:07
10;contrive;true;why neat;2024-06-23T22:35:37;though;2024-06-24T14:01:21
