id;entity_name;entity_id;created_by;created_date;last_modified_by;last_modified_date
1;sparrow;17439;whoever parallelogram although;2024-06-23T20:09:51;pace given lucky;2024-06-23T21:27:06
2;inside aw sadly;23398;commute amid;2024-06-24T09:28:10;yuck;2024-06-24T09:32:27
3;whether for privatise;1147;unlike;2024-06-24T01:39:35;until overuse;2024-06-24T13:20:29
4;fatherly bare;12445;however;2024-06-24T09:00:01;trash past;2024-06-24T10:37:56
5;scholarly lest drat;29759;vintner;2024-06-24T13:50:30;by mushy;2024-06-23T15:37:59
6;unnaturally;18005;gadzooks seagull;2024-06-23T19:48:32;though modulo;2024-06-23T23:38:25
7;yippee turbocharge;15099;simplistic bill in;2024-06-24T14:41:16;likewise furthermore pixelate;2024-06-23T21:54:37
8;while ha than;27360;messy;2024-06-23T15:44:22;rambler and a;2024-06-24T05:02:23
9;yet defiantly website;17819;hostess ouch;2024-06-23T20:12:15;terrific;2024-06-23T16:33:10
10;innocently apprehension;16227;nor overhaul versus;2024-06-24T09:50:49;tidy when hmph;2024-06-23T20:55:12
