id;name;created_by;created_date;last_modified_by;last_modified_date
1;dutiful tedious anenst;searchingly;2024-06-24T05:56:09;carom flintlock;2024-06-24T01:44:36
2;tightly lawful;elaborate ouch political;2024-06-23T23:54:45;incidentally;2024-06-24T12:33:19
3;ambulance yawningly;developmental justly fair;2024-06-24T00:35:36;notwithstanding innocently;2024-06-23T15:25:12
4;aw;into yum blissful;2024-06-23T23:39:59;though rectangular above;2024-06-23T16:07:36
5;descriptive even;fantasy woot;2024-06-23T18:34:08;and gadzooks;2024-06-24T05:50:30
6;faithfully;properly hm fork;2024-06-23T21:21:59;whose;2024-06-24T02:12:21
7;sigh;where;2024-06-24T08:58:11;ack;2024-06-23T21:31:39
8;finally even;whoever;2024-06-24T12:50:11;now because but;2024-06-24T11:50:59
9;provided;before ack;2024-06-23T21:50:31;vacate officially backpack;2024-06-23T18:57:00
10;before showy homely;beneath;2024-06-23T19:56:04;opposite stinger gah;2024-06-24T13:09:12
