id;name;email;password;active;created_by;created_date;last_modified_by;last_modified_date
1;gah unless;Belle_Lang46@yahoo.com;or brr;false;sleepwalk;2024-06-23T20:26:59;pacify task silky;2024-06-24T07:30:25
2;story roughly adjustment;Margie34@gmail.com;plain fairly progenitor;true;notwithstanding;2024-06-23T16:57:09;nearly hence;2024-06-23T20:37:12
3;well behind honored;Roy_Rosenbaum@gmail.com;strange;false;modulo escape after;2024-06-23T16:05:18;through speedily deceivingly;2024-06-24T14:31:29
4;palpitate;Mae_Tromp@gmail.com;gadzooks indicator;true;lined;2024-06-23T17:25:28;medical whose;2024-06-23T19:42:15
5;angrily near pilgrim;General_Murazik2@yahoo.com;drinking;false;unless pit sympathetically;2024-06-24T04:15:13;ha;2024-06-24T09:36:36
6;indeed;Josefina72@hotmail.com;afore whirl;true;overbook;2024-06-24T03:08:53;ignorant though;2024-06-24T00:00:38
7;amidst far;Camila_Frami8@hotmail.com;up;false;whoever;2024-06-24T09:16:00;lazily determined ack;2024-06-23T18:13:02
8;hence gadzooks;Lorenzo.Stamm25@yahoo.com;gale indeed;false;innocent dearly;2024-06-23T23:23:20;smelt;2024-06-23T19:17:51
9;in;Ulices4@hotmail.com;oddly amidst bleakly;true;fellow whoever;2024-06-23T18:19:09;ideate;2024-06-24T01:11:35
10;academic aardvark frilly;Kirstin_Reichel34@hotmail.com;once underneath;false;what ornery hm;2024-06-23T20:51:53;refocus gullible;2024-06-23T23:07:05
